txn_id,sender,receiver,amount,timestamp
T001,U001,U002,5000,2025-01-15T09:00:00
T002,U002,U003,4800,2025-01-15T09:05:00
T003,U003,U004,5200,2025-01-15T09:20:00
T004,U004,U005,3000,2025-01-15T09:10:00
T005,U005,U006,3500,2025-01-15T09:40:00
T006,U006,U007,12000,2025-01-15T09:15:00
T007,U007,U008,11500,2025-01-15T10:00:00
T008,U008,U009,2000,2025-01-15T09:30:00
T009,U010,U011,2100,2025-01-15T10:15:00
T010,U011,U012,7000,2025-01-15T09:45:00
T011,U013,U014,4700,2025-01-15T10:01:00
T012,U014,U015,4600,2025-01-15T10:02:00
T013,U015,U016,4900,2025-01-15T10:03:00
T014,U001,U999,180000,2025-01-15T10:05:00
T015,U999,U017,5000,2025-01-15T10:10:00
T016,U017,U018,7000,2025-01-15T11:00:00
T017,U019,U020,3200,2025-01-15T09:50:00
T018,U020,U021,3300,2025-01-15T10:30:00
T019,U022,U023,2900,2025-01-15T09:55:00
T020,U024,U025,3100,2025-01-15T10:20:00
T021,U003,U004,8000,2025-01-15T11:10:00
T022,U004,U005,7900,2025-01-15T11:20:00
T023,U005,U003,7800,2025-01-15T11:30:00
T024,U026,U027,4300,2025-01-15T09:12:00
T025,U027,U028,4400,2025-01-15T09:42:00